type_path,type_kind,api_family,is_generic,lifetime_params,type_params,elicit_impl,proof_test,composition_test,row_kind,primary_gap_kind,our_traits_complete,direct_our_traits_complete,covered_indirectly,coverage_provider,wrapper_paths,direct_missing_our_traits,feature_unlock_possible,feature_owner_crate,blocked_reason,has_serialize,has_deserialize,has_json_schema,has_elicitation,has_elicit_introspect,has_elicit_spec,has_elicit_prompt_tree,has_to_code_literal,can_be_direct,missing_external_traits,missing_our_traits,candidate_unlock_features,action,notes
proj_sys::P5_FACTORS,Struct,proj_sys::P5_FACTORS,false,,,Missing,Missing,Missing,MissingOurTraits,MissingOurTraits,false,false,false,,,Elicitation;ElicitIntrospect;ElicitSpec;ElicitPromptTree;ToCodeLiteral,false,proj,"orphan rule blocks direct `ElicitComplete` until upstream provides: Serialize(absent), Deserialize(absent), JsonSchema(absent)",absent,absent,absent,absent,absent,absent,absent,absent,false,Serialize(absent);Deserialize(absent);JsonSchema(absent),Elicitation;ElicitIntrospect;ElicitSpec;ElicitPromptTree;ToCodeLiteral,,"Add support traits to `proj_sys::P5_FACTORS`: Elicitation, ElicitIntrospect, ElicitSpec, ElicitPromptTree, ToCodeLiteral; external blockers remain: Serialize(absent), Deserialize(absent), JsonSchema(absent).",
proj_sys::PJ_AREA,Struct,proj_sys::PJ_AREA,false,,,Missing,Missing,Missing,MissingOurTraits,MissingOurTraits,false,false,false,,,Elicitation;ElicitIntrospect;ElicitSpec;ElicitPromptTree;ToCodeLiteral,false,proj,"orphan rule blocks direct `ElicitComplete` until upstream provides: Serialize(absent), Deserialize(absent), JsonSchema(absent)",absent,absent,absent,absent,absent,absent,absent,absent,false,Serialize(absent);Deserialize(absent);JsonSchema(absent),Elicitation;ElicitIntrospect;ElicitSpec;ElicitPromptTree;ToCodeLiteral,,"Add support traits to `proj_sys::PJ_AREA`: Elicitation, ElicitIntrospect, ElicitSpec, ElicitPromptTree, ToCodeLiteral; external blockers remain: Serialize(absent), Deserialize(absent), JsonSchema(absent).",
proj_sys::PJ_AXIS_DESCRIPTION,Struct,proj_sys::PJ_AXIS_DESCRIPTION,false,,,Missing,Missing,Missing,MissingOurTraits,MissingOurTraits,false,false,false,,,Elicitation;ElicitIntrospect;ElicitSpec;ElicitPromptTree;ToCodeLiteral,false,proj,"orphan rule blocks direct `ElicitComplete` until upstream provides: Serialize(absent), Deserialize(absent), JsonSchema(absent)",absent,absent,absent,absent,absent,absent,absent,absent,false,Serialize(absent);Deserialize(absent);JsonSchema(absent),Elicitation;ElicitIntrospect;ElicitSpec;ElicitPromptTree;ToCodeLiteral,,"Add support traits to `proj_sys::PJ_AXIS_DESCRIPTION`: Elicitation, ElicitIntrospect, ElicitSpec, ElicitPromptTree, ToCodeLiteral; external blockers remain: Serialize(absent), Deserialize(absent), JsonSchema(absent).",
proj_sys::PJ_CONTEXT,TypeAlias,proj_sys::PJ_CONTEXT,false,,,Missing,Missing,Missing,MissingOurTraits,MissingOurTraits,false,false,false,,,Elicitation;ElicitIntrospect;ElicitSpec;ElicitPromptTree;ToCodeLiteral,false,proj,"orphan rule blocks direct `ElicitComplete` until upstream provides: Serialize(absent), Deserialize(absent), JsonSchema(absent)",absent,absent,absent,absent,absent,absent,absent,absent,false,Serialize(absent);Deserialize(absent);JsonSchema(absent),Elicitation;ElicitIntrospect;ElicitSpec;ElicitPromptTree;ToCodeLiteral,,"Add support traits to `proj_sys::PJ_CONTEXT`: Elicitation, ElicitIntrospect, ElicitSpec, ElicitPromptTree, ToCodeLiteral; external blockers remain: Serialize(absent), Deserialize(absent), JsonSchema(absent).",
proj_sys::PJ_ELLPS,Struct,proj_sys::PJ_ELLPS,false,,,Missing,Missing,Missing,MissingOurTraits,MissingOurTraits,false,false,false,,,Elicitation;ElicitIntrospect;ElicitSpec;ElicitPromptTree;ToCodeLiteral,false,proj,"orphan rule blocks direct `ElicitComplete` until upstream provides: Serialize(absent), Deserialize(absent), JsonSchema(absent)",absent,absent,absent,absent,absent,absent,absent,absent,false,Serialize(absent);Deserialize(absent);JsonSchema(absent),Elicitation;ElicitIntrospect;ElicitSpec;ElicitPromptTree;ToCodeLiteral,,"Add support traits to `proj_sys::PJ_ELLPS`: Elicitation, ElicitIntrospect, ElicitSpec, ElicitPromptTree, ToCodeLiteral; external blockers remain: Serialize(absent), Deserialize(absent), JsonSchema(absent).",
proj_sys::PJ_ENU,Struct,proj_sys::PJ_ENU,false,,,Missing,Missing,Missing,MissingOurTraits,MissingOurTraits,false,false,false,,,Elicitation;ElicitIntrospect;ElicitSpec;ElicitPromptTree;ToCodeLiteral,false,proj,"orphan rule blocks direct `ElicitComplete` until upstream provides: Serialize(absent), Deserialize(absent), JsonSchema(absent)",absent,absent,absent,absent,absent,absent,absent,absent,false,Serialize(absent);Deserialize(absent);JsonSchema(absent),Elicitation;ElicitIntrospect;ElicitSpec;ElicitPromptTree;ToCodeLiteral,,"Add support traits to `proj_sys::PJ_ENU`: Elicitation, ElicitIntrospect, ElicitSpec, ElicitPromptTree, ToCodeLiteral; external blockers remain: Serialize(absent), Deserialize(absent), JsonSchema(absent).",
proj_sys::PJ_GEOD,Struct,proj_sys::PJ_GEOD,false,,,Missing,Missing,Missing,MissingOurTraits,MissingOurTraits,false,false,false,,,Elicitation;ElicitIntrospect;ElicitSpec;ElicitPromptTree;ToCodeLiteral,false,proj,"orphan rule blocks direct `ElicitComplete` until upstream provides: Serialize(absent), Deserialize(absent), JsonSchema(absent)",absent,absent,absent,absent,absent,absent,absent,absent,false,Serialize(absent);Deserialize(absent);JsonSchema(absent),Elicitation;ElicitIntrospect;ElicitSpec;ElicitPromptTree;ToCodeLiteral,,"Add support traits to `proj_sys::PJ_GEOD`: Elicitation, ElicitIntrospect, ElicitSpec, ElicitPromptTree, ToCodeLiteral; external blockers remain: Serialize(absent), Deserialize(absent), JsonSchema(absent).",
proj_sys::PJ_GRID_INFO,Struct,proj_sys::PJ_GRID_INFO,false,,,Missing,Missing,Missing,MissingOurTraits,MissingOurTraits,false,false,false,,,Elicitation;ElicitIntrospect;ElicitSpec;ElicitPromptTree;ToCodeLiteral,false,proj,"orphan rule blocks direct `ElicitComplete` until upstream provides: Serialize(absent), Deserialize(absent), JsonSchema(absent)",absent,absent,absent,absent,absent,absent,absent,absent,false,Serialize(absent);Deserialize(absent);JsonSchema(absent),Elicitation;ElicitIntrospect;ElicitSpec;ElicitPromptTree;ToCodeLiteral,,"Add support traits to `proj_sys::PJ_GRID_INFO`: Elicitation, ElicitIntrospect, ElicitSpec, ElicitPromptTree, ToCodeLiteral; external blockers remain: Serialize(absent), Deserialize(absent), JsonSchema(absent).",
proj_sys::PJ_INFO,Struct,proj_sys::PJ_INFO,false,,,Missing,Missing,Missing,MissingOurTraits,MissingOurTraits,false,false,false,,,Elicitation;ElicitIntrospect;ElicitSpec;ElicitPromptTree;ToCodeLiteral,false,proj,"orphan rule blocks direct `ElicitComplete` until upstream provides: Serialize(absent), Deserialize(absent), JsonSchema(absent)",absent,absent,absent,absent,absent,absent,absent,absent,false,Serialize(absent);Deserialize(absent);JsonSchema(absent),Elicitation;ElicitIntrospect;ElicitSpec;ElicitPromptTree;ToCodeLiteral,,"Add support traits to `proj_sys::PJ_INFO`: Elicitation, ElicitIntrospect, ElicitSpec, ElicitPromptTree, ToCodeLiteral; external blockers remain: Serialize(absent), Deserialize(absent), JsonSchema(absent).",
proj_sys::PJ_INIT_INFO,Struct,proj_sys::PJ_INIT_INFO,false,,,Missing,Missing,Missing,MissingOurTraits,MissingOurTraits,false,false,false,,,Elicitation;ElicitIntrospect;ElicitSpec;ElicitPromptTree;ToCodeLiteral,false,proj,"orphan rule blocks direct `ElicitComplete` until upstream provides: Serialize(absent), Deserialize(absent), JsonSchema(absent)",absent,absent,absent,absent,absent,absent,absent,absent,false,Serialize(absent);Deserialize(absent);JsonSchema(absent),Elicitation;ElicitIntrospect;ElicitSpec;ElicitPromptTree;ToCodeLiteral,,"Add support traits to `proj_sys::PJ_INIT_INFO`: Elicitation, ElicitIntrospect, ElicitSpec, ElicitPromptTree, ToCodeLiteral; external blockers remain: Serialize(absent), Deserialize(absent), JsonSchema(absent).",
proj_sys::PJ_INSERT_SESSION,Struct,proj_sys::PJ_INSERT_SESSION,false,,,Missing,Missing,Missing,MissingOurTraits,MissingOurTraits,false,false,false,,,Elicitation;ElicitIntrospect;ElicitSpec;ElicitPromptTree;ToCodeLiteral,false,proj,"orphan rule blocks direct `ElicitComplete` until upstream provides: Serialize(absent), Deserialize(absent), JsonSchema(absent)",absent,absent,absent,absent,absent,absent,absent,absent,false,Serialize(absent);Deserialize(absent);JsonSchema(absent),Elicitation;ElicitIntrospect;ElicitSpec;ElicitPromptTree;ToCodeLiteral,,"Add support traits to `proj_sys::PJ_INSERT_SESSION`: Elicitation, ElicitIntrospect, ElicitSpec, ElicitPromptTree, ToCodeLiteral; external blockers remain: Serialize(absent), Deserialize(absent), JsonSchema(absent).",
proj_sys::PJ_LIST,Struct,proj_sys::PJ_LIST,false,,,Missing,Missing,Missing,MissingOurTraits,MissingOurTraits,false,false,false,,,Elicitation;ElicitIntrospect;ElicitSpec;ElicitPromptTree;ToCodeLiteral,false,proj,"orphan rule blocks direct `ElicitComplete` until upstream provides: Serialize(absent), Deserialize(absent), JsonSchema(absent)",absent,absent,absent,absent,absent,absent,absent,absent,false,Serialize(absent);Deserialize(absent);JsonSchema(absent),Elicitation;ElicitIntrospect;ElicitSpec;ElicitPromptTree;ToCodeLiteral,,"Add support traits to `proj_sys::PJ_LIST`: Elicitation, ElicitIntrospect, ElicitSpec, ElicitPromptTree, ToCodeLiteral; external blockers remain: Serialize(absent), Deserialize(absent), JsonSchema(absent).",
proj_sys::PJ_LP,Struct,proj_sys::PJ_LP,false,,,Missing,Missing,Missing,MissingOurTraits,MissingOurTraits,false,false,false,,,Elicitation;ElicitIntrospect;ElicitSpec;ElicitPromptTree;ToCodeLiteral,false,proj,"orphan rule blocks direct `ElicitComplete` until upstream provides: Serialize(absent), Deserialize(absent), JsonSchema(absent)",absent,absent,absent,absent,absent,absent,absent,absent,false,Serialize(absent);Deserialize(absent);JsonSchema(absent),Elicitation;ElicitIntrospect;ElicitSpec;ElicitPromptTree;ToCodeLiteral,,"Add support traits to `proj_sys::PJ_LP`: Elicitation, ElicitIntrospect, ElicitSpec, ElicitPromptTree, ToCodeLiteral; external blockers remain: Serialize(absent), Deserialize(absent), JsonSchema(absent).",
proj_sys::PJ_LPZ,Struct,proj_sys::PJ_LPZ,false,,,Missing,Missing,Missing,MissingOurTraits,MissingOurTraits,false,false,false,,,Elicitation;ElicitIntrospect;ElicitSpec;ElicitPromptTree;ToCodeLiteral,false,proj,"orphan rule blocks direct `ElicitComplete` until upstream provides: Serialize(absent), Deserialize(absent), JsonSchema(absent)",absent,absent,absent,absent,absent,absent,absent,absent,false,Serialize(absent);Deserialize(absent);JsonSchema(absent),Elicitation;ElicitIntrospect;ElicitSpec;ElicitPromptTree;ToCodeLiteral,,"Add support traits to `proj_sys::PJ_LPZ`: Elicitation, ElicitIntrospect, ElicitSpec, ElicitPromptTree, ToCodeLiteral; external blockers remain: Serialize(absent), Deserialize(absent), JsonSchema(absent).",
proj_sys::PJ_LPZT,Struct,proj_sys::PJ_LPZT,false,,,Missing,Missing,Missing,MissingOurTraits,MissingOurTraits,false,false,false,,,Elicitation;ElicitIntrospect;ElicitSpec;ElicitPromptTree;ToCodeLiteral,false,proj,"orphan rule blocks direct `ElicitComplete` until upstream provides: Serialize(absent), Deserialize(absent), JsonSchema(absent)",absent,absent,absent,absent,absent,absent,absent,absent,false,Serialize(absent);Deserialize(absent);JsonSchema(absent),Elicitation;ElicitIntrospect;ElicitSpec;ElicitPromptTree;ToCodeLiteral,,"Add support traits to `proj_sys::PJ_LPZT`: Elicitation, ElicitIntrospect, ElicitSpec, ElicitPromptTree, ToCodeLiteral; external blockers remain: Serialize(absent), Deserialize(absent), JsonSchema(absent).",
proj_sys::PJ_OBJ_LIST,Struct,proj_sys::PJ_OBJ_LIST,false,,,Missing,Missing,Missing,MissingOurTraits,MissingOurTraits,false,false,false,,,Elicitation;ElicitIntrospect;ElicitSpec;ElicitPromptTree;ToCodeLiteral,false,proj,"orphan rule blocks direct `ElicitComplete` until upstream provides: Serialize(absent), Deserialize(absent), JsonSchema(absent)",absent,absent,absent,absent,absent,absent,absent,absent,false,Serialize(absent);Deserialize(absent);JsonSchema(absent),Elicitation;ElicitIntrospect;ElicitSpec;ElicitPromptTree;ToCodeLiteral,,"Add support traits to `proj_sys::PJ_OBJ_LIST`: Elicitation, ElicitIntrospect, ElicitSpec, ElicitPromptTree, ToCodeLiteral; external blockers remain: Serialize(absent), Deserialize(absent), JsonSchema(absent).",
proj_sys::PJ_OPERATION_FACTORY_CONTEXT,Struct,proj_sys::PJ_OPERATION_FACTORY_CONTEXT,false,,,Missing,Missing,Missing,MissingOurTraits,MissingOurTraits,false,false,false,,,Elicitation;ElicitIntrospect;ElicitSpec;ElicitPromptTree;ToCodeLiteral,false,proj,"orphan rule blocks direct `ElicitComplete` until upstream provides: Serialize(absent), Deserialize(absent), JsonSchema(absent)",absent,absent,absent,absent,absent,absent,absent,absent,false,Serialize(absent);Deserialize(absent);JsonSchema(absent),Elicitation;ElicitIntrospect;ElicitSpec;ElicitPromptTree;ToCodeLiteral,,"Add support traits to `proj_sys::PJ_OPERATION_FACTORY_CONTEXT`: Elicitation, ElicitIntrospect, ElicitSpec, ElicitPromptTree, ToCodeLiteral; external blockers remain: Serialize(absent), Deserialize(absent), JsonSchema(absent).",
proj_sys::PJ_OPK,Struct,proj_sys::PJ_OPK,false,,,Missing,Missing,Missing,MissingOurTraits,MissingOurTraits,false,false,false,,,Elicitation;ElicitIntrospect;ElicitSpec;ElicitPromptTree;ToCodeLiteral,false,proj,"orphan rule blocks direct `ElicitComplete` until upstream provides: Serialize(absent), Deserialize(absent), JsonSchema(absent)",absent,absent,absent,absent,absent,absent,absent,absent,false,Serialize(absent);Deserialize(absent);JsonSchema(absent),Elicitation;ElicitIntrospect;ElicitSpec;ElicitPromptTree;ToCodeLiteral,,"Add support traits to `proj_sys::PJ_OPK`: Elicitation, ElicitIntrospect, ElicitSpec, ElicitPromptTree, ToCodeLiteral; external blockers remain: Serialize(absent), Deserialize(absent), JsonSchema(absent).",
proj_sys::PJ_PARAM_DESCRIPTION,Struct,proj_sys::PJ_PARAM_DESCRIPTION,false,,,Missing,Missing,Missing,MissingOurTraits,MissingOurTraits,false,false,false,,,Elicitation;ElicitIntrospect;ElicitSpec;ElicitPromptTree;ToCodeLiteral,false,proj,"orphan rule blocks direct `ElicitComplete` until upstream provides: Serialize(absent), Deserialize(absent), JsonSchema(absent)",absent,absent,absent,absent,absent,absent,absent,absent,false,Serialize(absent);Deserialize(absent);JsonSchema(absent),Elicitation;ElicitIntrospect;ElicitSpec;ElicitPromptTree;ToCodeLiteral,,"Add support traits to `proj_sys::PJ_PARAM_DESCRIPTION`: Elicitation, ElicitIntrospect, ElicitSpec, ElicitPromptTree, ToCodeLiteral; external blockers remain: Serialize(absent), Deserialize(absent), JsonSchema(absent).",
proj_sys::PJ_PRIME_MERIDIANS,Struct,proj_sys::PJ_PRIME_MERIDIANS,false,,,Missing,Missing,Missing,MissingOurTraits,MissingOurTraits,false,false,false,,,Elicitation;ElicitIntrospect;ElicitSpec;ElicitPromptTree;ToCodeLiteral,false,proj,"orphan rule blocks direct `ElicitComplete` until upstream provides: Serialize(absent), Deserialize(absent), JsonSchema(absent)",absent,absent,absent,absent,absent,absent,absent,absent,false,Serialize(absent);Deserialize(absent);JsonSchema(absent),Elicitation;ElicitIntrospect;ElicitSpec;ElicitPromptTree;ToCodeLiteral,,"Add support traits to `proj_sys::PJ_PRIME_MERIDIANS`: Elicitation, ElicitIntrospect, ElicitSpec, ElicitPromptTree, ToCodeLiteral; external blockers remain: Serialize(absent), Deserialize(absent), JsonSchema(absent).",
proj_sys::PJ_PROJ_INFO,Struct,proj_sys::PJ_PROJ_INFO,false,,,Missing,Missing,Missing,MissingOurTraits,MissingOurTraits,false,false,false,,,Elicitation;ElicitIntrospect;ElicitSpec;ElicitPromptTree;ToCodeLiteral,false,proj,"orphan rule blocks direct `ElicitComplete` until upstream provides: Serialize(absent), Deserialize(absent), JsonSchema(absent)",absent,absent,absent,absent,absent,absent,absent,absent,false,Serialize(absent);Deserialize(absent);JsonSchema(absent),Elicitation;ElicitIntrospect;ElicitSpec;ElicitPromptTree;ToCodeLiteral,,"Add support traits to `proj_sys::PJ_PROJ_INFO`: Elicitation, ElicitIntrospect, ElicitSpec, ElicitPromptTree, ToCodeLiteral; external blockers remain: Serialize(absent), Deserialize(absent), JsonSchema(absent).",
proj_sys::PJ_UNITS,Struct,proj_sys::PJ_UNITS,false,,,Missing,Missing,Missing,MissingOurTraits,MissingOurTraits,false,false,false,,,Elicitation;ElicitIntrospect;ElicitSpec;ElicitPromptTree;ToCodeLiteral,false,proj,"orphan rule blocks direct `ElicitComplete` until upstream provides: Serialize(absent), Deserialize(absent), JsonSchema(absent)",absent,absent,absent,absent,absent,absent,absent,absent,false,Serialize(absent);Deserialize(absent);JsonSchema(absent),Elicitation;ElicitIntrospect;ElicitSpec;ElicitPromptTree;ToCodeLiteral,,"Add support traits to `proj_sys::PJ_UNITS`: Elicitation, ElicitIntrospect, ElicitSpec, ElicitPromptTree, ToCodeLiteral; external blockers remain: Serialize(absent), Deserialize(absent), JsonSchema(absent).",
proj_sys::PJ_UV,Struct,proj_sys::PJ_UV,false,,,Missing,Missing,Missing,MissingOurTraits,MissingOurTraits,false,false,false,,,Elicitation;ElicitIntrospect;ElicitSpec;ElicitPromptTree;ToCodeLiteral,false,proj,"orphan rule blocks direct `ElicitComplete` until upstream provides: Serialize(absent), Deserialize(absent), JsonSchema(absent)",absent,absent,absent,absent,absent,absent,absent,absent,false,Serialize(absent);Deserialize(absent);JsonSchema(absent),Elicitation;ElicitIntrospect;ElicitSpec;ElicitPromptTree;ToCodeLiteral,,"Add support traits to `proj_sys::PJ_UV`: Elicitation, ElicitIntrospect, ElicitSpec, ElicitPromptTree, ToCodeLiteral; external blockers remain: Serialize(absent), Deserialize(absent), JsonSchema(absent).",
proj_sys::PJ_UVW,Struct,proj_sys::PJ_UVW,false,,,Missing,Missing,Missing,MissingOurTraits,MissingOurTraits,false,false,false,,,Elicitation;ElicitIntrospect;ElicitSpec;ElicitPromptTree;ToCodeLiteral,false,proj,"orphan rule blocks direct `ElicitComplete` until upstream provides: Serialize(absent), Deserialize(absent), JsonSchema(absent)",absent,absent,absent,absent,absent,absent,absent,absent,false,Serialize(absent);Deserialize(absent);JsonSchema(absent),Elicitation;ElicitIntrospect;ElicitSpec;ElicitPromptTree;ToCodeLiteral,,"Add support traits to `proj_sys::PJ_UVW`: Elicitation, ElicitIntrospect, ElicitSpec, ElicitPromptTree, ToCodeLiteral; external blockers remain: Serialize(absent), Deserialize(absent), JsonSchema(absent).",
proj_sys::PJ_UVWT,Struct,proj_sys::PJ_UVWT,false,,,Missing,Missing,Missing,MissingOurTraits,MissingOurTraits,false,false,false,,,Elicitation;ElicitIntrospect;ElicitSpec;ElicitPromptTree;ToCodeLiteral,false,proj,"orphan rule blocks direct `ElicitComplete` until upstream provides: Serialize(absent), Deserialize(absent), JsonSchema(absent)",absent,absent,absent,absent,absent,absent,absent,absent,false,Serialize(absent);Deserialize(absent);JsonSchema(absent),Elicitation;ElicitIntrospect;ElicitSpec;ElicitPromptTree;ToCodeLiteral,,"Add support traits to `proj_sys::PJ_UVWT`: Elicitation, ElicitIntrospect, ElicitSpec, ElicitPromptTree, ToCodeLiteral; external blockers remain: Serialize(absent), Deserialize(absent), JsonSchema(absent).",
proj_sys::PJ_XY,Struct,proj_sys::PJ_XY,false,,,Missing,Missing,Missing,MissingOurTraits,MissingOurTraits,false,false,false,,,Elicitation;ElicitIntrospect;ElicitSpec;ElicitPromptTree;ToCodeLiteral,false,proj,"orphan rule blocks direct `ElicitComplete` until upstream provides: Serialize(absent), Deserialize(absent), JsonSchema(absent)",absent,absent,absent,absent,absent,absent,absent,absent,false,Serialize(absent);Deserialize(absent);JsonSchema(absent),Elicitation;ElicitIntrospect;ElicitSpec;ElicitPromptTree;ToCodeLiteral,,"Add support traits to `proj_sys::PJ_XY`: Elicitation, ElicitIntrospect, ElicitSpec, ElicitPromptTree, ToCodeLiteral; external blockers remain: Serialize(absent), Deserialize(absent), JsonSchema(absent).",
proj_sys::PJ_XYZ,Struct,proj_sys::PJ_XYZ,false,,,Missing,Missing,Missing,MissingOurTraits,MissingOurTraits,false,false,false,,,Elicitation;ElicitIntrospect;ElicitSpec;ElicitPromptTree;ToCodeLiteral,false,proj,"orphan rule blocks direct `ElicitComplete` until upstream provides: Serialize(absent), Deserialize(absent), JsonSchema(absent)",absent,absent,absent,absent,absent,absent,absent,absent,false,Serialize(absent);Deserialize(absent);JsonSchema(absent),Elicitation;ElicitIntrospect;ElicitSpec;ElicitPromptTree;ToCodeLiteral,,"Add support traits to `proj_sys::PJ_XYZ`: Elicitation, ElicitIntrospect, ElicitSpec, ElicitPromptTree, ToCodeLiteral; external blockers remain: Serialize(absent), Deserialize(absent), JsonSchema(absent).",
proj_sys::PJ_XYZT,Struct,proj_sys::PJ_XYZT,false,,,Missing,Missing,Missing,MissingOurTraits,MissingOurTraits,false,false,false,,,Elicitation;ElicitIntrospect;ElicitSpec;ElicitPromptTree;ToCodeLiteral,false,proj,"orphan rule blocks direct `ElicitComplete` until upstream provides: Serialize(absent), Deserialize(absent), JsonSchema(absent)",absent,absent,absent,absent,absent,absent,absent,absent,false,Serialize(absent);Deserialize(absent);JsonSchema(absent),Elicitation;ElicitIntrospect;ElicitSpec;ElicitPromptTree;ToCodeLiteral,,"Add support traits to `proj_sys::PJ_XYZT`: Elicitation, ElicitIntrospect, ElicitSpec, ElicitPromptTree, ToCodeLiteral; external blockers remain: Serialize(absent), Deserialize(absent), JsonSchema(absent).",
proj_sys::PJconsts,Struct,proj_sys::PJconsts,false,,,Missing,Missing,Missing,MissingOurTraits,MissingOurTraits,false,false,false,,,Elicitation;ElicitIntrospect;ElicitSpec;ElicitPromptTree;ToCodeLiteral,false,proj,"orphan rule blocks direct `ElicitComplete` until upstream provides: Serialize(absent), Deserialize(absent), JsonSchema(absent)",absent,absent,absent,absent,absent,absent,absent,absent,false,Serialize(absent);Deserialize(absent);JsonSchema(absent),Elicitation;ElicitIntrospect;ElicitSpec;ElicitPromptTree;ToCodeLiteral,,"Add support traits to `proj_sys::PJconsts`: Elicitation, ElicitIntrospect, ElicitSpec, ElicitPromptTree, ToCodeLiteral; external blockers remain: Serialize(absent), Deserialize(absent), JsonSchema(absent).",
proj_sys::PROJ_CELESTIAL_BODY_INFO,Struct,proj_sys::PROJ_CELESTIAL_BODY_INFO,false,,,Missing,Missing,Missing,MissingOurTraits,MissingOurTraits,false,false,false,,,Elicitation;ElicitIntrospect;ElicitSpec;ElicitPromptTree;ToCodeLiteral,false,proj,"orphan rule blocks direct `ElicitComplete` until upstream provides: Serialize(absent), Deserialize(absent), JsonSchema(absent)",absent,absent,absent,absent,absent,absent,absent,absent,false,Serialize(absent);Deserialize(absent);JsonSchema(absent),Elicitation;ElicitIntrospect;ElicitSpec;ElicitPromptTree;ToCodeLiteral,,"Add support traits to `proj_sys::PROJ_CELESTIAL_BODY_INFO`: Elicitation, ElicitIntrospect, ElicitSpec, ElicitPromptTree, ToCodeLiteral; external blockers remain: Serialize(absent), Deserialize(absent), JsonSchema(absent).",
proj_sys::PROJ_CRS_INFO,Struct,proj_sys::PROJ_CRS_INFO,false,,,Missing,Missing,Missing,MissingOurTraits,MissingOurTraits,false,false,false,,,Elicitation;ElicitIntrospect;ElicitSpec;ElicitPromptTree;ToCodeLiteral,false,proj,"orphan rule blocks direct `ElicitComplete` until upstream provides: Serialize(absent), Deserialize(absent), JsonSchema(absent)",absent,absent,absent,absent,absent,absent,absent,absent,false,Serialize(absent);Deserialize(absent);JsonSchema(absent),Elicitation;ElicitIntrospect;ElicitSpec;ElicitPromptTree;ToCodeLiteral,,"Add support traits to `proj_sys::PROJ_CRS_INFO`: Elicitation, ElicitIntrospect, ElicitSpec, ElicitPromptTree, ToCodeLiteral; external blockers remain: Serialize(absent), Deserialize(absent), JsonSchema(absent).",
proj_sys::PROJ_CRS_LIST_PARAMETERS,Struct,proj_sys::PROJ_CRS_LIST_PARAMETERS,false,,,Missing,Missing,Missing,MissingOurTraits,MissingOurTraits,false,false,false,,,Elicitation;ElicitIntrospect;ElicitSpec;ElicitPromptTree;ToCodeLiteral,false,proj,"orphan rule blocks direct `ElicitComplete` until upstream provides: Serialize(absent), Deserialize(absent), JsonSchema(absent)",absent,absent,absent,absent,absent,absent,absent,absent,false,Serialize(absent);Deserialize(absent);JsonSchema(absent),Elicitation;ElicitIntrospect;ElicitSpec;ElicitPromptTree;ToCodeLiteral,,"Add support traits to `proj_sys::PROJ_CRS_LIST_PARAMETERS`: Elicitation, ElicitIntrospect, ElicitSpec, ElicitPromptTree, ToCodeLiteral; external blockers remain: Serialize(absent), Deserialize(absent), JsonSchema(absent).",
proj_sys::PROJ_FILE_API,Struct,proj_sys::PROJ_FILE_API,false,,,Missing,Missing,Missing,MissingOurTraits,MissingOurTraits,false,false,false,,,Elicitation;ElicitIntrospect;ElicitSpec;ElicitPromptTree;ToCodeLiteral,false,proj,"orphan rule blocks direct `ElicitComplete` until upstream provides: Serialize(absent), Deserialize(absent), JsonSchema(absent)",absent,absent,absent,absent,absent,absent,absent,absent,false,Serialize(absent);Deserialize(absent);JsonSchema(absent),Elicitation;ElicitIntrospect;ElicitSpec;ElicitPromptTree;ToCodeLiteral,,"Add support traits to `proj_sys::PROJ_FILE_API`: Elicitation, ElicitIntrospect, ElicitSpec, ElicitPromptTree, ToCodeLiteral; external blockers remain: Serialize(absent), Deserialize(absent), JsonSchema(absent).",
proj_sys::PROJ_FILE_HANDLE,Struct,proj_sys::PROJ_FILE_HANDLE,false,,,Missing,Missing,Missing,MissingOurTraits,MissingOurTraits,false,false,false,,,Elicitation;ElicitIntrospect;ElicitSpec;ElicitPromptTree;ToCodeLiteral,false,proj,"orphan rule blocks direct `ElicitComplete` until upstream provides: Serialize(absent), Deserialize(absent), JsonSchema(absent)",absent,absent,absent,absent,absent,absent,absent,absent,false,Serialize(absent);Deserialize(absent);JsonSchema(absent),Elicitation;ElicitIntrospect;ElicitSpec;ElicitPromptTree;ToCodeLiteral,,"Add support traits to `proj_sys::PROJ_FILE_HANDLE`: Elicitation, ElicitIntrospect, ElicitSpec, ElicitPromptTree, ToCodeLiteral; external blockers remain: Serialize(absent), Deserialize(absent), JsonSchema(absent).",
proj_sys::PROJ_NETWORK_HANDLE,Struct,proj_sys::PROJ_NETWORK_HANDLE,false,,,Missing,Missing,Missing,MissingOurTraits,MissingOurTraits,false,false,false,,,Elicitation;ElicitIntrospect;ElicitSpec;ElicitPromptTree;ToCodeLiteral,false,proj,"orphan rule blocks direct `ElicitComplete` until upstream provides: Serialize(absent), Deserialize(absent), JsonSchema(absent)",absent,absent,absent,absent,absent,absent,absent,absent,false,Serialize(absent);Deserialize(absent);JsonSchema(absent),Elicitation;ElicitIntrospect;ElicitSpec;ElicitPromptTree;ToCodeLiteral,,"Add support traits to `proj_sys::PROJ_NETWORK_HANDLE`: Elicitation, ElicitIntrospect, ElicitSpec, ElicitPromptTree, ToCodeLiteral; external blockers remain: Serialize(absent), Deserialize(absent), JsonSchema(absent).",
proj_sys::PROJ_UNIT_INFO,Struct,proj_sys::PROJ_UNIT_INFO,false,,,Missing,Missing,Missing,MissingOurTraits,MissingOurTraits,false,false,false,,,Elicitation;ElicitIntrospect;ElicitSpec;ElicitPromptTree;ToCodeLiteral,false,proj,"orphan rule blocks direct `ElicitComplete` until upstream provides: Serialize(absent), Deserialize(absent), JsonSchema(absent)",absent,absent,absent,absent,absent,absent,absent,absent,false,Serialize(absent);Deserialize(absent);JsonSchema(absent),Elicitation;ElicitIntrospect;ElicitSpec;ElicitPromptTree;ToCodeLiteral,,"Add support traits to `proj_sys::PROJ_UNIT_INFO`: Elicitation, ElicitIntrospect, ElicitSpec, ElicitPromptTree, ToCodeLiteral; external blockers remain: Serialize(absent), Deserialize(absent), JsonSchema(absent).",
proj_sys::pj_ctx,Struct,proj_sys::pj_ctx,false,,,Missing,Missing,Missing,MissingOurTraits,MissingOurTraits,false,false,false,,,Elicitation;ElicitIntrospect;ElicitSpec;ElicitPromptTree;ToCodeLiteral,false,proj,"orphan rule blocks direct `ElicitComplete` until upstream provides: Serialize(absent), Deserialize(absent), JsonSchema(absent)",absent,absent,absent,absent,absent,absent,absent,absent,false,Serialize(absent);Deserialize(absent);JsonSchema(absent),Elicitation;ElicitIntrospect;ElicitSpec;ElicitPromptTree;ToCodeLiteral,,"Add support traits to `proj_sys::pj_ctx`: Elicitation, ElicitIntrospect, ElicitSpec, ElicitPromptTree, ToCodeLiteral; external blockers remain: Serialize(absent), Deserialize(absent), JsonSchema(absent).",
